DATE,Consumer_Price_Index,Unemployment_Rate,Federal_Funds_Rate,Consumer_Confidence,Personal_Consumption_Expenditures,Industrial_Production,Money_Supply,GDP_Growth_Rate,Monthly_Real_GDP
1960-01-01,29.37,5.2,3.99,,323.6,24.1658,298.2,9.3,1185.2695697201787
1960-02-01,29.41,4.8,3.97,100.0,325.3,23.9508,298.4,5.5,1134.3297530653024
1960-03-01,29.41,5.4,3.84,97.76666666666667,330.2,23.7357,299.3,1.7000000000000002,1197.581677214519
1960-04-01,29.54,5.2,3.92,95.53333333333333,336.5,23.5476,300.1,-2.1,1165.2672571126616
1960-05-01,29.57,5.1,3.85,93.3,330.0,23.5207,300.9,-0.7333333333333336,1153.4569879147773
1960-06-01,29.61,5.4,3.32,94.6,330.1,23.225,302.3,0.6333333333333329,1179.5217549725614
1960-07-01,29.55,5.5,3.23,95.9,331.4,23.1443,304.1,2.0,1170.7705311880147
1960-08-01,29.61,5.6,2.98,97.2,331.6,23.1175,306.9,-0.3333333333333335,1180.677698039839
1960-09-01,29.61,5.5,2.6,94.83333333333333,333.4,22.8755,308.4,-2.666666666666667,1163.9367707721465
1960-10-01,29.75,6.1,2.47,92.46666666666667,335.4,22.8487,309.5,-5.0,1150.5946852423724
1960-11-01,29.78,6.1,2.44,90.1,335.4,22.5261,310.9,-2.433333333333333,1142.2984172064223
1960-12-01,29.81,6.6,1.98,90.6,331.3,22.096,312.4,0.13333333333333375,1177.3848975512055
1961-01-01,29.84,6.6,1.45,91.1,332.2,22.1229,314.1,2.7,1146.735387575167
1961-02-01,29.84,6.9,2.54,91.6,333.7,22.096,316.5,4.133333333333334,1171.7172199458946
1961-03-01,29.84,6.9,2.02,91.89999999999999,337.7,22.2304,318.3,5.566666666666666,1175.2503924789387
1961-04-01,29.81,7.0,1.49,92.2,337.6,22.6874,319.9,7.0,1175.5851062138242
1961-05-01,29.84,7.1,1.98,92.5,339.9,23.0368,322.2,7.3,1193.0296311362022
1961-06-01,29.84,6.9,1.73,94.73333333333333,340.9,23.3594,324.3,7.6000000000000005,1184.4062626499738
1961-07-01,29.92,7.0,1.17,96.96666666666667,340.6,23.6282,325.6,7.9,1224.4821916961946
1961-08-01,29.94,6.6,2.0,99.2,342.1,23.8432,327.6,7.966666666666667,1194.2655783890891
1961-09-01,29.98,6.7,1.88,97.13333333333334,344.4,23.8164,329.5,8.033333333333333,1202.5042299147158
1961-10-01,29.98,6.5,2.26,95.06666666666666,346.5,24.2733,331.1,8.1,1252.468176046093
1961-11-01,29.98,6.1,2.61,93.0,349.9,24.6497,333.4,7.833333333333333,1222.1835506159957
1961-12-01,30.01,6.0,2.33,95.3,352.4,24.8647,335.5,7.566666666666666,1217.6372733379114
1962-01-01,30.04,5.8,2.15,97.60000000000001,353.2,24.6496,337.5,7.3,1263.3766965163218
1962-02-01,30.11,5.5,2.37,99.9,354.0,25.0529,340.1,6.1,1240.1396353494813
1962-03-01,30.17,5.6,2.85,98.4,357.4,25.1873,343.1,4.9,1254.6306681341969
1962-04-01,30.21,5.6,2.78,96.9,359.0,25.241,345.5,3.7,1272.5629520333252
1962-05-01,30.24,5.5,2.36,95.4,362.0,25.2141,347.5,4.133333333333334,1260.4662933570105
1962-06-01,30.21,5.5,2.68,94.13333333333334,360.4,25.1604,349.3,4.566666666666666,1259.1197546096641
1962-07-01,30.22,5.4,2.71,92.86666666666666,361.4,25.4023,350.8,5.0,1258.635639224401
1962-08-01,30.28,5.7,2.93,91.6,362.9,25.4292,352.8,3.7666666666666666,1293.7912740895847
1962-09-01,30.42,5.6,2.9,92.73333333333333,368.8,25.5905,354.9,2.533333333333333,1286.3490866860138
1962-10-01,30.38,5.4,2.9,93.86666666666666,366.5,25.6174,357.2,1.3,1266.548680678133
1962-11-01,30.38,5.7,2.94,95.0,371.7,25.7249,359.8,2.3333333333333335,1304.0368253235838
1962-12-01,30.38,5.5,2.93,96.13333333333334,373.6,25.7249,362.7,3.366666666666667,1280.8354939982826
1963-01-01,30.44,5.7,2.92,97.26666666666667,374.4,25.913,365.2,4.4,1284.1018330566603
1963-02-01,30.48,5.9,3.0,98.4,373.4,26.2088,367.9,4.466666666666667,1313.9438933846145
1963-03-01,30.51,5.7,2.98,96.16666666666667,375.0,26.37,370.7,4.533333333333333,1295.4362735587254
1963-04-01,30.48,5.7,2.9,93.93333333333334,376.4,26.612,373.3,4.6,1302.6682077686137
1963-05-01,30.51,5.9,3.0,91.7,377.2,26.9345,376.1,6.1,1333.4393597563899
1963-06-01,30.61,5.6,2.99,93.26666666666667,381.7,27.0152,378.4,7.6,1301.0754324749967
1963-07-01,30.69,5.6,3.02,94.83333333333334,384.4,26.9076,381.1,9.1,1350.3323352308225
1963-08-01,30.75,5.4,3.49,96.4,386.3,26.9614,383.6,6.933333333333334,1327.2805908255796
1963-09-01,30.72,5.5,3.48,95.73333333333333,385.5,27.2302,386.0,4.766666666666667,1346.1420739435985
1963-10-01,30.75,5.5,3.5,95.06666666666668,386.0,27.4184,388.3,2.6,1340.2050838362923
1963-11-01,30.78,5.7,3.48,94.4,389.4,27.5528,391.5,4.633333333333333,1367.7576819906872
1963-12-01,30.88,5.5,3.38,96.10000000000001,394.7,27.499,393.2,6.666666666666666,1342.1842341730198
1964-01-01,30.94,5.6,3.48,97.8,396.8,27.7409,395.2,8.7,1392.2255106197608
1964-02-01,30.91,5.4,3.48,99.5,400.2,27.9291,397.6,7.266666666666667,1371.6637446901198
1964-03-01,30.94,5.4,3.43,99.16666666666667,401.8,27.9291,399.8,5.833333333333334,1371.6637446901198
1964-04-01,30.95,5.3,3.47,98.83333333333333,402.8,28.3861,401.7,4.4,1403.6465631458075
1964-05-01,30.98,5.1,3.5,98.5,408.4,28.5474,404.2,5.066666666666667,1380.7885093108464
1964-06-01,31.01,5.2,3.5,99.2,411.4,28.628,407.1,5.733333333333333,1396.156927543346
1964-07-01,31.02,4.9,3.42,99.89999999999999,414.9,28.8162,410.1,6.4,1397.2146785301682
1964-08-01,31.05,5.0,3.5,100.6,417.7,29.0043,413.4,4.666666666666667,1415.9612915426237
1964-09-01,31.08,5.1,3.45,100.36666666666666,416.6,29.1119,416.9,2.9333333333333336,1432.7420299272073
1964-10-01,31.12,5.1,3.36,100.13333333333334,419.6,28.7087,419.1,1.2,1421.6576334270515
1964-11-01,31.21,4.8,3.52,99.9,416.4,29.5957,422.0,4.133333333333334,1400.1852460036096
1964-12-01,31.25,5.0,3.85,100.60000000000001,421.0,29.9452,424.7,7.066666666666667,1437.2031205693395
1965-01-01,31.28,4.9,3.9,101.3,424.4,30.2677,427.5,10.0,1447.8482370283907
1965-02-01,31.28,5.1,3.98,102.0,431.4,30.4559,430.4,8.4,1482.0044722592982
1965-03-01,31.31,4.7,4.05,103.13333333333334,433.3,30.8591,433.2,6.800000000000001,1432.2582907123112
1965-04-01,31.38,4.8,4.09,104.26666666666667,437.1,30.9935,435.4,5.2,1487.7404855874918
1965-05-01,31.48,4.6,4.1,105.4,437.6,31.2354,437.1,6.533333333333333,1461.8903453017185
1965-06-01,31.61,4.6,4.05,104.73333333333333,435.2,31.4774,440.1,7.866666666666666,1467.59416911079
1965-07-01,31.58,4.4,4.09,104.06666666666668,441.0,31.7731,442.9,9.2,1508.1386206299358
1965-08-01,31.55,4.4,4.12,103.4,444.4,31.9075,445.8,9.299999999999999,1511.3103653531316
1965-09-01,31.62,4.3,4.02,103.23333333333333,452.0,31.9881,449.5,9.4,1495.9780140169316
1965-10-01,31.65,4.2,4.08,103.06666666666668,458.5,32.3107,452.6,9.5,1553.296823185956
1965-11-01,31.75,4.1,4.1,102.9,459.1,32.4451,455.7,9.7,1537.6990154532439
1965-12-01,31.85,4.0,4.32,101.93333333333334,461.7,32.8483,459.2,9.9,1528.4621613607994
1966-01-01,31.88,4.0,4.42,100.96666666666667,465.2,33.1709,462.0,10.1,1597.5232997936216
1966-02-01,32.08,3.8,4.6,100.0,470.2,33.3859,464.6,7.199999999999999,1561.7976905474336
1966-03-01,32.18,3.8,4.66,98.56666666666666,475.0,33.8429,467.2,4.3,1572.5670096589447
1966-04-01,32.28,3.8,4.67,97.13333333333334,476.9,33.8967,469.3,1.4,1569.575596752675
1966-05-01,32.35,3.9,4.9,95.7,473.1,34.2192,470.1,2.0666666666666664,1597.689024365717
1966-06-01,32.38,3.8,5.17,94.2,475.5,34.3805,471.2,2.7333333333333334,1580.7813788816084
1966-07-01,32.45,3.8,5.3,92.7,480.6,34.5687,470.9,3.4,1600.26250615321
1966-08-01,32.65,3.8,5.53,91.2,483.2,34.5955,472.6,3.3666666666666667,1600.8789664312783
1966-09-01,32.75,3.7,5.4,90.23333333333333,489.2,34.9181,475.4,3.333333333333333,1587.112527415511
1966-10-01,32.85,3.7,5.53,89.26666666666667,488.3,35.16,475.7,3.3,1612.2663654926685
1966-11-01,32.88,3.6,5.76,88.3,490.1,34.9181,477.3,3.4,1584.9639048730924
1966-12-01,32.92,3.8,5.4,90.23333333333333,491.8,34.9987,480.2,3.5,1630.30672963424
1967-01-01,32.9,3.9,4.94,92.16666666666666,494.2,35.1638,481.6,3.6,1645.2670962464067
1967-02-01,33.0,3.8,5.0,94.1,493.0,34.765,485.1,2.466666666666667,1614.7985134739674
1967-03-01,33.0,3.8,4.53,94.7,495.8,34.5691,489.7,1.3333333333333335,1610.2333902796258
1967-04-01,33.1,3.8,4.05,95.3,501.3,34.8951,492.1,0.2,1622.151889139653
1967-05-01,33.1,3.8,3.94,95.9,502.2,34.5907,497.2,1.4,1615.0249619286135
1967-06-01,33.3,3.9,3.98,96.26666666666667,506.8,34.5863,502.0,2.6,1636.1101489317334
1967-07-01,33.4,3.8,3.79,96.63333333333334,506.7,34.5076,506.3,3.8,1629.8987305060984
1967-08-01,33.5,3.8,3.9,97.0,509.8,35.1687,510.8,3.5666666666666664,1645.4167915188682
1967-09-01,33.6,3.8,3.99,95.63333333333334,515.6,35.1116,514.7,3.3333333333333335,1644.0764779750332
1967-10-01,33.7,4.0,3.88,94.26666666666667,512.2,35.3976,518.2,3.1,1662.5983802894705
1967-11-01,33.9,3.9,4.13,92.9,517.4,35.9038,521.2,4.866666666666667,1653.0765086623621
1967-12-01,34.0,3.8,4.51,94.33333333333334,525.1,36.2905,524.8,6.633333333333334,1640.8021110481675
1968-01-01,34.1,3.7,4.61,95.76666666666667,530.9,36.2514,527.4,8.4,1675.440656025852
1968-02-01,34.2,3.8,4.71,97.2,533.6,36.3813,530.4,7.9,1701.029145843915
1968-03-01,34.3,3.7,5.05,95.60000000000001,544.3,36.4949,533.2,7.4,1681.0831981302329
1968-04-01,34.4,3.5,5.76,94.0,544.0,36.5477,535.7,6.9,1690.5866988899536
1968-05-01,34.5,3.5,6.12,92.4,549.8,36.9577,538.9,5.633333333333334,1700.1176952931698
1968-06-01,34.7,3.7,6.07,92.4,556.3,37.0934,542.6,4.366666666666667,1751.3286058168774
1968-07-01,34.9,3.7,6.03,92.4,563.2,37.0366,545.6,3.1,1765.3331089535925
1968-08-01,35.0,3.5,6.03,92.4,567.0,37.1399,549.4,2.6,1718.848956407261
1968-09-01,35.1,3.4,5.78,92.16666666666667,568.2,37.2806,553.6,2.1,1697.6769346391468
1968-10-01,35.3,3.4,5.91,91.93333333333334,571.6,37.3546,557.6,1.6,1725.749710725408
1968-11-01,35.4,3.4,5.82,91.7,576.7,37.8378,562.4,3.2,1736.8576007083243
1968-12-01,35.6,3.4,6.02,93.86666666666667,576.5,37.9573,566.8,4.800000000000001,1739.6046885662686
1969-01-01,35.7,3.4,6.3,96.03333333333333,583.5,38.1869,569.3,6.4,1755.167297879599
1969-02-01,35.8,3.4,6.61,98.2,588.7,38.4313,571.9,4.666666666666667,1760.7646197308559
1969-03-01,36.1,3.4,6.79,95.96666666666667,588.9,38.7326,574.4,2.9333333333333336,1767.6650823895457
1969-04-01,36.3,3.4,7.41,93.73333333333333,593.9,38.5901,575.7,1.2,1757.3265692324692
1969-05-01,36.4,3.4,8.67,91.5,600.3,38.4443,576.5,1.7000000000000002,1753.9918376258465
1969-06-01,36.6,3.5,8.9,89.8,600.9,38.8198,578.5,2.2,1788.3065931416847
1969-07-01,36.8,3.5,8.61,88.10000000000001,602.7,39.0248,579.5,2.7,1760.287603263874
1969-08-01,36.9,3.5,9.19,86.4,609.9,39.1145,580.1,1.166666666666667,1762.3282600935895
1969-09-01,37.1,3.7,9.15,84.16666666666667,613.2,39.1057,582.1,-0.36666666666666625,1811.984136642537
1969-10-01,37.3,3.7,9.0,81.93333333333334,618.5,39.1171,583.4,-1.9,1808.9832518654928
1969-11-01,37.5,3.5,8.85,79.7,620.5,38.7484,585.4,-1.4666666666666666,1750.9710155097405
1969-12-01,37.7,3.5,8.97,79.16666666666667,622.8,38.6444,587.9,-1.0333333333333332,1748.6017326247666
1970-01-01,37.9,3.9,8.98,78.63333333333333,628.7,37.9288,589.6,-0.6,1711.1145766742993
1970-02-01,38.1,4.2,8.98,78.1,634.0,37.9038,586.3,-0.2,1774.1395896806255
1970-03-01,38.3,4.4,7.76,77.2,632.3,37.8546,587.3,0.19999999999999996,1815.3978336450755
1970-04-01,38.5,4.6,8.1,76.3,636.0,37.7573,588.4,0.6,1740.0978648132082
1970-05-01,38.6,4.8,7.95,75.4,642.4,37.7133,591.5,1.6333333333333333,1776.1850107268237
1970-06-01,38.8,4.9,7.61,76.13333333333334,646.3,37.5913,595.2,2.666666666666667,1791.8811244599676
1970-07-01,38.9,5.0,7.21,76.86666666666666,648.5,37.6836,599.1,3.7,1760.011051652315
1970-08-01,39.0,5.1,6.62,77.6,652.9,37.6164,604.9,1.0666666666666669,1775.694196037977
1970-09-01,39.2,5.4,6.29,75.86666666666666,659.1,37.3571,611.2,-1.5666666666666664,1821.3717523097082
1970-10-01,39.4,5.5,6.2,74.13333333333334,658.3,36.6098,616.4,-4.2,1712.9413083620632
1970-11-01,39.6,5.9,5.6,72.4,656.6,36.3881,621.1,0.9666666666666668,1768.1791016502027
1970-12-01,39.8,6.1,4.9,74.3,665.6,37.2237,626.5,6.133333333333334,1818.5515899877335
1971-01-01,39.9,5.9,4.14,76.2,676.1,37.5101,632.9,11.3,1810.9253299042036
1971-02-01,39.9,5.9,3.72,78.1,679.4,37.4386,641.0,8.266666666666667,1809.1931083146956
1971-03-01,40.0,6.0,3.71,78.8,682.0,37.398,649.9,5.233333333333333,1823.500561781101
1971-04-01,40.1,5.9,4.16,79.5,688.8,37.608,658.4,2.2,1820.0055205646752
1971-05-01,40.3,5.9,4.63,80.2,691.1,37.7989,666.7,2.566666666666667,1824.6137039306025
1971-06-01,40.5,5.9,4.91,80.83333333333333,699.8,37.9574,673.0,2.933333333333333,1828.4397755047225
1971-07-01,40.6,6.0,5.31,81.46666666666667,698.9,37.8472,679.6,3.3,1832.8827329607013
1971-08-01,40.7,6.1,5.57,82.1,704.9,37.6276,685.5,2.5,1842.7978793899447
1971-09-01,40.8,6.0,5.55,82.06666666666666,713.0,38.2391,692.5,1.7,1842.391387649354
1971-10-01,40.9,5.8,5.2,82.03333333333333,715.8,38.5253,698.4,0.9,1816.831827352057
1971-11-01,41.0,6.0,4.91,82.0,720.9,38.6888,704.6,3.133333333333333,1851.791275648215
1971-12-01,41.1,6.0,4.14,85.6,728.4,39.1355,710.3,5.366666666666666,1862.408896999728
1972-01-01,41.2,5.8,3.51,89.2,731.5,40.0728,717.7,7.6,1874.5079017721562
1972-02-01,41.4,5.7,3.3,92.8,736.2,40.4789,725.7,8.2,1867.6563488469878
1972-03-01,41.4,5.8,3.83,91.39999999999999,749.2,40.761,733.5,8.8,1890.4847493808566
1972-04-01,41.5,5.7,4.17,90.0,752.5,41.1654,738.4,9.4,1919.2533833404118
1972-05-01,41.6,5.7,4.27,88.6,758.0,41.1693,743.3,7.533333333333333,1919.344255351738
1972-06-01,41.7,5.7,4.46,90.8,761.6,41.2778,749.7,5.666666666666666,1921.8723613078505
1972-07-01,41.8,5.6,4.55,93.0,769.9,41.2389,759.5,3.8,1932.81491904306
1972-08-01,41.9,5.6,4.81,95.2,776.3,41.805,768.7,4.833333333333333,1945.9639077977963
1972-09-01,42.1,5.5,4.87,93.7,781.1,42.1288,778.3,5.866666666666667,1936.0751731591445
1972-10-01,42.2,5.6,5.05,92.2,794.9,42.6703,786.9,6.9,2002.195151987672
1972-11-01,42.4,5.3,5.06,90.7,800.5,43.1755,793.9,8.033333333333333,1958.643942169828
1972-12-01,42.5,5.2,5.33,87.76666666666667,806.1,43.6617,802.3,9.166666666666668,1951.3809058425
1973-01-01,42.7,4.9,5.94,84.83333333333334,816.5,43.9783,810.3,10.3,2002.9664221146968
1973-02-01,43.0,5.0,6.58,81.9,825.8,44.6103,814.1,8.333333333333334,2037.8056565197546
1973-03-01,43.4,4.9,7.09,80.26666666666667,832.8,44.6294,815.3,6.366666666666667,2017.771921365549
1973-04-01,43.7,5.0,7.12,78.63333333333334,835.7,44.568,819.7,4.4,2050.4074776249704
1973-05-01,43.9,4.9,7.84,77.0,841.6,44.8608,826.8,2.233333333333334,2036.390527846192
1973-06-01,44.2,4.9,8.49,75.33333333333333,844.3,44.9186,833.3,0.06666666666666732,2037.7079945288372
1973-07-01,44.2,4.8,10.4,73.66666666666667,854.1,45.085,836.5,-2.1,2029.0268204944825
1973-08-01,45.0,4.8,10.5,72.0,853.3,45.0221,838.8,-0.10000000000000009,2027.6126436095076
1973-09-01,45.2,4.8,10.78,73.5,869.2,45.3801,839.3,1.9,2035.6615358960112
1973-10-01,45.6,4.6,10.01,75.0,868.2,45.7462,842.6,3.9,2012.0601779305916
1973-11-01,45.9,4.8,10.03,76.5,876.9,45.9548,848.9,1.4666666666666668,2059.732352181885
1973-12-01,46.3,4.9,9.95,71.6,876.6,45.8252,855.5,-0.9666666666666663,2078.338469887523
1974-01-01,46.8,5.1,9.65,66.7,884.5,45.5207,859.7,-3.4,2027.9017101104453
1974-02-01,47.3,5.2,8.97,61.8,889.7,45.3825,864.2,-1.9333333333333331,2044.6064903336173
1974-03-01,47.8,5.1,9.35,65.23333333333333,901.4,45.3798,870.1,-0.46666666666666634,2024.7497995559374
1974-04-01,48.1,5.1,10.51,68.66666666666666,910.8,45.247,872.9,1.0,2012.9117290184479
1974-05-01,48.6,5.1,11.31,72.1,922.4,45.6083,874.6,-0.5666666666666667,2021.0075855612351
1974-06-01,49.0,5.4,11.93,69.53333333333333,928.0,45.5216,877.8,-2.1333333333333333,2077.831685420317
1974-07-01,49.3,5.5,12.92,66.96666666666667,937.9,45.6136,881.4,-3.7,2001.2336892785675
1974-08-01,49.9,5.5,12.01,64.4,954.8,45.1303,884.1,-2.966666666666667,1990.4673766674414
1974-09-01,50.6,5.9,11.34,62.76666666666667,955.1,45.1377,887.9,-2.2333333333333334,2062.276934053992
1974-10-01,51.0,6.0,10.06,61.13333333333333,959.2,44.995,893.3,-1.5,1953.6442708843547
1974-11-01,51.5,6.6,9.45,59.5,956.2,43.5148,898.6,-2.5999999999999996,2010.8041220879027
1974-12-01,51.9,7.2,8.53,58.86666666666667,961.8,41.9503,902.1,-3.6999999999999997,2066.0156070277426
1975-01-01,52.3,8.1,7.13,58.233333333333334,975.6,41.3689,906.3,-4.8,1984.676064716849
1975-02-01,52.6,8.1,6.24,57.6,989.4,40.4252,914.1,-2.2333333333333334,1961.5938351470293
1975-03-01,52.8,8.6,5.54,62.666666666666664,990.6,39.9804,925.0,0.33333333333333304,2010.7651001361223
1975-04-01,53.0,8.8,5.49,67.73333333333333,995.0,40.0572,935.1,2.9,1992.1977789070527
1975-05-01,53.1,9.0,5.22,72.8,1018.9,39.9402,947.9,4.266666666666667,2011.832519901946
1975-06-01,53.5,8.8,5.55,73.76666666666667,1026.8,40.1927,963.0,5.633333333333333,1995.579701191001
1975-07-01,54.0,8.6,6.1,74.73333333333333,1039.8,40.6115,975.1,7.0,2039.137640761616
1975-08-01,54.2,8.4,6.14,75.7,1047.0,41.0114,983.1,6.5,2025.019438396232
1975-09-01,54.6,8.4,6.24,75.66666666666667,1054.8,41.5422,991.5,6.0,2038.1689208421521
1975-10-01,54.9,8.4,5.82,75.63333333333333,1060.9,41.7224,997.8,5.5,2068.3502151623766
1975-11-01,55.3,8.3,5.22,75.6,1075.8,41.7797,1006.9,6.766666666666667,2057.3394196584304
1975-12-01,55.6,8.2,5.2,78.6,1092.1,42.3462,1016.2,8.033333333333333,2058.8403651791937
1976-01-01,55.8,7.9,4.87,81.6,1107.1,42.9082,1026.6,9.3,2122.85668655258
1976-02-01,55.9,7.7,4.77,84.6,1107.7,43.3407,1040.3,7.200000000000001,2106.1449268221368
1976-03-01,56.0,7.6,4.84,84.16666666666666,1114.9,43.4281,1050.0,5.1000000000000005,2094.6473866252836
1976-04-01,56.1,7.7,4.82,83.73333333333333,1125.4,43.6518,1060.8,3.0,2138.7730403105293
1976-05-01,56.4,7.4,5.29,83.3,1122.7,43.8315,1072.1,2.7333333333333334,2101.037423025711
1976-06-01,56.7,7.6,5.48,85.43333333333334,1140.5,43.8775,1077.6,2.466666666666667,2130.21453666376
1976-07-01,57.0,7.8,5.31,87.56666666666666,1149.6,44.1248,1086.3,2.2,2138.1717617094964
1976-08-01,57.3,7.8,5.29,89.7,1158.0,44.4262,1098.7,2.4333333333333336,2145.422381076979
1976-09-01,57.6,7.6,5.25,88.8,1168.8,44.5711,1110.8,2.6666666666666665,2121.300857213526
1976-10-01,57.9,7.7,5.02,87.9,1176.8,44.56,1125.0,2.9,2126.4365535365737
1976-11-01,58.1,7.8,4.95,87.0,1189.0,45.2454,1138.2,3.533333333333333,2156.5919017785827
1976-12-01,58.4,7.8,4.65,87.03333333333333,1211.5,45.731,1152.0,4.166666666666666,2168.148544684843
1977-01-01,58.7,7.5,4.61,87.06666666666666,1215.0,45.4156,1165.2,4.8,2160.0035551237024
1977-02-01,59.3,7.6,4.68,87.1,1231.3,46.1358,1177.6,5.866666666666666,2191.5101653340876
1977-03-01,59.6,7.4,4.69,88.13333333333333,1238.3,46.7158,1188.5,6.933333333333334,2176.1892795422104
1977-04-01,60.0,7.2,4.73,89.16666666666667,1247.3,47.1719,1199.6,8.0,2219.9391816160355
1977-05-01,60.2,7.0,5.35,90.2,1257.1,47.541,1209.0,7.8,2197.4544603428762
1977-06-01,60.5,7.2,5.39,89.8,1263.6,47.9063,1217.8,7.6000000000000005,2237.072358041089
1977-07-01,60.8,6.9,5.42,89.4,1280.5,47.9714,1226.7,7.4,2255.9395454996234
1977-08-01,61.1,7.0,5.9,89.0,1285.7,48.0157,1237.0,4.933333333333334,2273.3435892350153
1977-09-01,61.3,6.8,6.14,87.46666666666667,1294.5,48.2097,1246.2,2.466666666666667,2245.1738652653626
1977-10-01,61.6,6.8,6.47,85.93333333333334,1311.4,48.2839,1254.0,0.0,2278.717440963638
1977-11-01,62.0,6.8,6.51,84.4,1327.0,48.3755,1262.4,0.43333333333333335,2280.8555567945523
1977-12-01,62.3,6.4,6.56,84.05000000000001,1336.0,48.4573,1270.3,0.8666666666666667,2215.019002241809
1978-01-01,62.7,6.4,6.7,83.7,1329.5,47.7512,1279.7,1.3,2266.0456596725376
1978-02-01,63.0,6.3,6.78,84.3,1355.1,48.0098,1285.5,6.333333333333332,2254.23385306204
1978-03-01,63.4,6.3,6.79,78.8,1377.5,48.9358,1292.2,11.366666666666665,2275.980487265422
1978-04-01,63.9,6.1,6.89,81.6,1396.4,49.9074,1300.4,16.4,2366.2384398922004
1978-05-01,64.5,6.0,7.36,82.9,1412.0,50.1513,1310.5,12.299999999999999,2352.348880322337
1978-06-01,65.0,5.9,7.6,80.0,1425.8,50.4751,1318.5,8.2,2340.3326797854625
1978-07-01,65.5,6.2,7.81,82.4,1426.8,50.4371,1324.1,4.1,2405.3310556068864
1978-08-01,65.9,5.9,8.04,78.4,1447.0,50.6393,1333.5,4.566666666666666,2350.9907066793726
1978-09-01,66.5,6.0,8.45,80.4,1452.9,50.7631,1345.0,5.033333333333333,2373.5932377137415
1978-10-01,67.1,5.8,8.96,79.3,1466.9,51.1523,1352.3,5.5,2380.010694004916
1978-11-01,67.5,5.9,9.76,75.0,1480.6,51.5456,1359.1,3.9000000000000004,2409.619231860814
1978-12-01,67.9,6.0,10.03,66.1,1496.5,51.806,1366.0,2.3000000000000003,2436.1200741342705
1979-01-01,68.5,5.9,10.07,72.1,1502.4,51.525,1371.6,0.7,2414.5864924811654
1979-02-01,69.2,5.9,10.06,73.9,1517.8,51.778,1377.8,0.6,2420.485048827676
1979-03-01,69.9,5.8,10.09,68.4,1531.2,51.9382,1387.8,0.5,2403.655458691159
1979-04-01,70.6,5.8,10.01,66.0,1538.4,51.3251,1402.1,0.4,2429.5423791554344
1979-05-01,71.4,5.6,10.24,68.1,1558.8,51.7782,1410.2,1.2666666666666666,2397.7645014278364
1979-06-01,72.2,5.7,10.29,65.8,1575.7,51.7865,1423.0,2.1333333333333333,2419.147119416729
1979-07-01,73.0,5.7,10.47,60.4,1586.1,51.7029,1434.8,3.0,2404.2006616949957
1979-08-01,73.7,6.0,10.94,64.5,1615.6,51.3658,1446.6,2.3333333333333335,2458.4512495883864
1979-09-01,74.4,5.9,11.43,66.7,1633.9,51.3623,1454.1,1.6666666666666667,2437.629088716618
1979-10-01,75.2,6.0,13.77,62.1,1641.6,51.7175,1460.4,1.0,2447.3606299922726
1979-11-01,76.0,5.9,13.18,63.3,1657.3,51.6341,1465.9,1.1,2424.9491395210052
1979-12-01,76.9,6.0,13.78,61.0,1666.3,51.6694,1473.7,1.2,2446.225230486722
1980-01-01,78.0,6.3,13.82,67.0,1697.3,51.944,1482.7,1.3,2448.5951519824803
1980-02-01,79.0,6.3,14.13,66.9,1701.4,51.9633,1494.6,-1.8,2449.050306470966
1980-03-01,80.1,6.3,17.19,56.5,1708.2,51.7454,1499.8,-4.9,2443.9115415465544
1980-04-01,80.9,6.9,17.61,52.7,1695.2,50.7197,1502.2,-8.0,2351.0735323372223
1980-05-01,81.7,7.5,10.98,51.7,1700.1,49.4766,1512.3,-5.5,2419.1357695885717
1980-06-01,82.5,7.6,9.47,58.7,1718.8,48.8383,1529.2,-3.0,2420.079698074205
1980-07-01,82.6,7.8,9.03,62.3,1747.1,48.4907,1545.5,-0.5,2405.5697246459918
1980-08-01,83.2,7.7,9.61,67.3,1763.8,48.6456,1561.5,2.233333333333333,2393.7515671613437
1980-09-01,83.9,7.5,10.87,73.7,1780.5,49.4578,1574.0,4.966666666666666,2382.421708192665
1980-10-01,84.7,7.5,12.81,75.0,1817.1,50.0861,1584.8,7.7,2438.9747710873876
1980-11-01,85.6,7.5,15.85,76.7,1826.8,50.9209,1595.8,7.833333333333333,2459.029173833933
1980-12-01,86.4,7.2,18.9,64.5,1851.7,51.257,1599.8,7.966666666666667,2417.6730550786788
1981-01-01,87.2,7.5,19.08,71.4,1870.0,50.9328,1606.9,8.1,2498.8039026966867
1981-02-01,88.0,7.4,15.93,66.9,1884.2,50.7237,1618.7,4.433333333333334,2476.9705214656055
1981-03-01,88.6,7.4,14.7,66.5,1902.9,50.9806,1636.6,0.7666666666666666,2483.2475758377077
1981-04-01,89.1,7.2,15.72,72.4,1904.4,50.7661,1659.2,-2.9,2427.7609880853665
1981-05-01,89.7,7.5,18.52,76.3,1913.8,51.0552,1664.2,-0.2999999999999998,2484.7746196258104
1981-06-01,90.5,7.5,19.1,73.1,1934.5,51.3214,1670.3,2.3000000000000003,2491.2093922888234
1981-07-01,91.5,7.2,19.04,74.1,1942.1,51.6555,1681.9,4.9,2466.7705481523253
1981-08-01,92.2,7.4,17.82,77.2,1966.6,51.5903,1694.3,1.833333333333334,2498.9401056243655
1981-09-01,93.1,7.6,15.87,73.1,1965.5,51.3429,1706.0,-1.2333333333333325,2526.6943462233085
1981-10-01,93.4,7.9,15.08,70.3,1963.9,50.9463,1721.8,-4.3,2434.3864635752825
1981-11-01,93.8,8.3,13.31,62.5,1970.6,50.3546,1736.1,-4.8999999999999995,2479.8834970528933
1981-12-01,94.1,8.5,12.37,64.3,1988.8,49.8086,1755.5,-5.5,2496.4980393718242
1982-01-01,94.4,8.6,13.22,71.0,1997.1,48.7877,1770.4,-6.1,2386.1526349284372
1982-02-01,94.7,8.9,14.78,66.5,2021.2,49.7839,1774.5,-3.4666666666666663,2451.9991998328933
1982-03-01,94.7,9.0,14.68,62.0,2024.1,49.4477,1786.5,-0.833333333333333,2457.4791652386702
1982-04-01,95.0,9.3,14.94,65.5,2026.3,48.9913,1803.9,1.8,2432.174227611915
1982-05-01,95.9,9.4,14.45,67.5,2044.5,48.6669,1815.4,0.7000000000000002,2436.991836988369
1982-06-01,97.0,9.6,14.15,65.7,2048.1,48.5415,1826.0,-0.3999999999999997,2459.7459353997165
1982-07-01,97.5,9.8,12.59,65.4,2072.2,48.3775,1831.5,-1.5,2429.80792542974
1982-08-01,97.7,9.8,10.12,65.4,2080.1,47.9382,1845.2,-0.9333333333333333,2418.681537745322
1982-09-01,97.7,10.1,10.31,69.3,2104.6,47.8139,1858.4,-0.3666666666666667,2452.406536824938
1982-10-01,98.1,10.4,9.71,73.4,2125.8,47.3575,1869.7,0.2,2409.646098378054
1982-11-01,98.0,10.8,9.2,72.1,2149.3,47.2078,1883.7,1.9333333333333333,2451.429684235172
1982-12-01,97.7,10.8,8.95,71.9,2161.6,46.8713,1905.9,3.666666666666667,2442.741217386774
1983-01-01,97.9,10.4,8.68,70.4,2174.0,47.7398,1959.4,5.4,2472.280688350582
1983-02-01,98.0,10.4,8.51,74.6,2177.0,47.4484,1996.8,6.733333333333333,2464.7425244292444
1983-03-01,98.1,10.3,8.77,80.8,2202.8,47.8426,2015.2,8.066666666666666,2463.0427872201735
1983-04-01,98.8,10.2,8.8,89.1,2226.4,48.4483,2028.6,9.4,2523.4077727520867
1983-05-01,99.2,10.1,8.63,93.3,2245.9,48.747,2043.1,9.0,2518.689132941005
1983-06-01,99.4,10.1,8.98,92.2,2276.0,49.0434,2053.5,8.6,2526.359094306909
1983-07-01,99.8,9.4,9.37,92.8,2304.4,49.7739,2064.8,8.2,2561.578655222349
1983-08-01,100.1,9.5,9.56,90.9,2320.4,50.364,2074.0,8.333333333333332,2590.37593695297
1983-09-01,100.4,9.2,9.45,89.9,2334.9,51.0937,2083.2,8.466666666666667,2567.7914078246804
1983-10-01,100.8,8.8,9.48,89.3,2357.6,51.4902,2099.2,8.6,2661.904429997673
1983-11-01,101.1,8.5,9.34,91.1,2366.3,51.721,2112.3,8.433333333333334,2621.5881691795134
1983-12-01,101.4,8.3,9.47,94.2,2393.6,51.9769,2123.5,8.266666666666666,2597.3014008228133
1984-01-01,102.1,8.0,9.56,100.1,2419.4,53.0088,2138.2,8.1,2694.828786473727
1984-02-01,102.6,7.8,9.59,97.4,2403.5,53.2486,2158.2,7.766666666666667,2666.8129757689962
1984-03-01,102.9,7.8,9.91,101.0,2431.6,53.5028,2175.2,7.433333333333333,2673.205237757276
1984-04-01,103.3,7.7,10.29,96.1,2457.5,53.8233,2191.7,7.1,2766.9513222717346
1984-05-01,103.5,7.4,10.32,98.1,2474.5,54.1104,2204.1,6.033333333333333,2719.2034913654384
1984-06-01,103.7,7.2,11.06,95.5,2495.6,54.3075,2215.1,4.966666666666667,2687.515186362827
1984-07-01,104.1,7.5,11.23,96.6,2494.6,54.4587,2223.5,3.9,2763.3584256861895
1984-08-01,104.4,7.5,11.64,99.1,2512.2,54.5239,2230.4,3.6999999999999997,2765.005360095399
1984-09-01,104.7,7.3,11.3,100.9,2533.8,54.3696,2244.4,3.5,2724.101214218412
1984-10-01,105.1,7.4,9.99,96.3,2531.3,54.3474,2258.9,3.3,2789.088151134079
1984-11-01,105.3,7.2,9.43,95.7,2571.4,54.529,2281.4,3.5,2755.7189339194406
1984-12-01,105.5,7.3,8.38,92.9,2582.6,54.5556,2306.4,3.6999999999999997,2775.3919149464814
1985-01-01,105.7,7.3,8.35,96.0,2618.8,54.527,2332.4,3.9,2809.759048554675
1985-02-01,106.3,7.2,8.5,93.7,2640.8,54.6871,2354.1,3.8,2794.503307757271
1985-03-01,106.8,7.2,8.58,93.7,2648.5,54.7673,2366.2,3.7,2796.5576436880533
1985-04-01,107.0,7.3,8.27,94.6,2659.5,54.6467,2375.4,3.6,2823.575903883245
1985-05-01,107.2,7.2,7.97,91.8,2696.4,54.7396,2389.5,4.5,2806.6259802544146
1985-06-01,107.5,7.4,7.53,96.5,2689.4,54.711,2412.6,5.4,2844.5851158623404
1985-07-01,107.7,7.4,7.88,94.0,2715.7,54.4365,2429.5,6.3,2903.0611484316833
1985-08-01,107.9,7.1,7.9,92.4,2752.1,54.6121,2444.0,5.2,2847.9198690499775
1985-09-01,108.1,7.1,7.92,92.1,2794.7,54.8147,2456.4,4.1,2853.2389825183377
1985-10-01,108.5,7.1,7.99,88.4,2755.8,54.6228,2468.0,3.0,2895.006754653839
1985-11-01,109.0,7.0,8.05,90.9,2771.1,54.8123,2477.8,3.2666666666666666,2879.44999724223
1985-12-01,109.5,7.0,8.27,93.9,2811.3,55.3553,2492.1,3.533333333333333,2893.7312481039303
1986-01-01,109.9,6.7,8.14,95.6,2827.1,55.6453,2502.1,3.8,2857.421158222804
1986-02-01,109.7,7.2,7.86,95.9,2820.2,55.2634,2512.9,3.1333333333333333,2951.006404549622
1986-03-01,109.1,7.2,7.48,95.1,2823.6,54.8728,2533.1,2.466666666666667,2940.699437227575
1986-04-01,108.7,7.1,6.99,96.2,2835.2,54.935,2557.8,1.8,2915.9188222849316
1986-05-01,109.0,7.2,6.85,94.8,2857.5,55.0399,2584.8,2.5,2939.154310667913
1986-06-01,109.4,7.2,6.92,99.3,2861.7,54.826,2605.0,3.1999999999999997,2933.450867047155
1986-07-01,109.5,7.0,6.56,97.7,2881.2,55.167,2626.6,3.9,2964.9460358185443
1986-08-01,109.6,6.9,6.17,94.9,2898.6,55.0726,2646.5,3.3333333333333335,2941.188722744204
1986-09-01,110.0,7.0,5.89,91.9,2971.8,55.2237,2667.8,2.7666666666666666,2966.466241437253
1986-10-01,110.2,7.0,5.85,95.6,2932.9,55.4589,2687.4,2.2,3001.073868222876
1986-11-01,110.4,6.9,6.04,91.4,2928.4,55.6763,2701.3,2.466666666666667,2985.1115367916095
1986-12-01,110.8,6.6,6.91,89.1,2997.1,56.2078,2728.0,2.7333333333333334,2934.007594985515
1987-01-01,111.4,6.6,6.43,90.4,2935.5,55.9911,2743.9,3.0,2981.597828183282
1987-02-01,111.8,6.6,6.1,90.2,3001.7,56.7373,2747.5,3.466666666666667,3001.373538790094
1987-03-01,112.2,6.6,6.13,90.8,3013.3,56.8136,2753.7,3.9333333333333336,3003.395633026625
1987-04-01,112.7,6.3,6.37,92.8,3038.8,57.185,2767.7,4.4,3026.8341348436625
1987-05-01,113.0,6.3,6.85,91.1,3048.4,57.5424,2772.9,4.1000000000000005,3036.2396303842193
1987-06-01,113.5,6.2,6.73,91.5,3072.8,57.8502,2774.6,3.8000000000000003,3020.1822347721168
1987-07-01,113.8,6.1,6.58,93.7,3094.7,58.2421,2779.0,3.5,3069.8789725566407
1987-08-01,114.3,6.0,6.73,94.4,3130.8,58.6784,2788.2,4.666666666666667,3055.7961554644194
1987-09-01,114.7,5.9,7.22,93.6,3126.5,58.9088,2799.5,5.833333333333334,3036.34887197894
1987-10-01,115.0,6.0,7.29,89.3,3134.5,59.7008,2814.8,7.0,3142.8960864851483
1987-11-01,115.4,5.8,6.69,83.1,3144.2,59.9956,2818.9,5.366666666666666,3097.2733679600237
1987-12-01,115.6,5.7,6.77,86.8,3174.1,60.3246,2826.4,3.733333333333333,3079.162545554828
1988-01-01,116.0,5.7,6.83,90.8,3213.7,60.309,2847.4,2.1,3116.146225248404
1988-02-01,116.2,5.7,6.58,91.6,3221.4,60.6122,2870.4,3.2,3123.963374171926
1988-03-01,116.5,5.7,6.58,94.6,3260.5,60.7452,2890.7,4.300000000000001,3127.3924005796703
1988-04-01,117.2,5.4,6.87,91.2,3263.0,61.108,2910.7,5.4,3144.8474434492946
1988-05-01,117.5,5.6,7.09,94.8,3293.6,60.9843,2926.0,4.4,3199.513748162185
1988-06-01,118.0,5.4,7.51,94.7,3318.5,61.1615,2938.4,3.4,3146.232808388521
1988-07-01,118.5,5.4,7.75,93.4,3342.7,61.171,2947.2,2.4,3159.0880132340044
1988-08-01,119.0,5.6,8.01,97.4,3368.0,61.4771,2952.0,3.4000000000000004,3225.2402271195647
1988-09-01,119.5,5.4,8.19,97.3,3375.0,61.2785,2956.9,4.4,3161.877759646432
1988-10-01,119.9,5.4,8.3,94.1,3413.7,61.5488,2965.3,5.4,3239.465280566153
1988-11-01,120.3,5.3,8.35,93.0,3430.2,61.7049,2980.2,4.966666666666667,3213.3117599006328
1988-12-01,120.7,5.3,8.76,91.9,3459.7,61.9851,2988.2,4.533333333333333,3220.6279595332153
1989-01-01,121.2,5.4,9.12,97.9,3483.7,62.1677,2991.7,4.1,3323.320011984583
1989-02-01,121.6,5.2,9.36,95.4,3488.0,61.8916,2992.2,3.7666666666666666,3253.4324233813745
1989-03-01,122.2,5.0,9.85,94.3,3498.8,62.0508,2999.7,3.433333333333333,3194.9725646340426
1989-04-01,123.1,5.2,9.84,91.5,3543.0,62.0289,3006.0,3.1,3277.708277046905
1989-05-01,123.7,5.2,9.81,90.7,3551.8,61.6871,3011.6,3.066666666666667,3268.6321387283247
1989-06-01,124.1,5.3,9.53,90.6,3566.6,61.6857,3027.9,3.033333333333333,3299.95258422477
1989-07-01,124.5,5.2,9.24,92.0,3585.7,61.0896,3052.4,3.0,3287.0424143620944
1989-08-01,124.5,5.2,8.99,89.6,3620.6,61.6847,3074.4,2.2666666666666666,3303.0609056672897
1989-09-01,124.8,5.3,9.02,95.8,3621.9,61.4794,3092.5,1.5333333333333332,3329.124679970616
1989-10-01,125.4,5.3,8.84,93.9,3633.6,61.4014,3114.1,0.8,3285.5023711490403
1989-11-01,125.9,5.4,8.55,90.9,3643.3,61.6081,3133.3,2.0,3321.9213374811866
1989-12-01,126.3,5.4,8.45,90.5,3684.2,61.9588,3152.5,3.2,3331.3432913697716
1990-01-01,127.5,5.4,8.23,93.0,3730.7,61.6352,3166.8,4.4,3367.9952523270463
1990-02-01,128.0,5.3,8.24,89.5,3728.2,62.1951,3179.2,3.4333333333333336,3351.495968875371
1990-03-01,128.6,5.2,8.28,91.3,3754.9,62.4916,3190.1,2.466666666666667,3327.8947787975826
1990-04-01,128.9,5.4,8.26,93.9,3770.0,62.3511,3201.6,1.5,3377.089007825178
1990-05-01,129.1,5.4,8.18,90.6,3775.8,62.5353,3200.6,1.1,3382.0386521359464
1990-06-01,129.9,5.2,8.29,88.3,3804.5,62.7479,3213.7,0.7000000000000001,3324.727340038875
1990-07-01,130.5,5.5,8.15,88.2,3821.7,62.6435,3224.5,0.3,3300.342400325292
1990-08-01,131.6,5.7,8.13,76.4,3848.3,62.8704,3242.0,-1.0,3365.427947425607
1990-09-01,132.5,5.9,8.2,72.8,3870.1,62.8839,3254.6,-2.3000000000000003,3424.7986522491
1990-10-01,133.4,5.9,8.11,63.9,3870.6,62.4973,3259.3,-3.6,3287.368146309105
1990-11-01,133.7,6.2,7.81,66.0,3871.9,61.7175,3262.6,-3.033333333333333,3347.863550208354
1990-12-01,134.2,6.3,7.31,65.5,3861.3,61.2885,3271.8,-2.466666666666667,3363.472303482542
1991-01-01,134.7,6.4,6.91,66.8,3841.0,61.0842,3287.7,-1.9,3278.273332941302
1991-02-01,134.8,6.6,6.25,70.4,3866.7,60.6387,3304.5,-0.19999999999999996,3316.3567257469226
1991-03-01,134.8,6.8,6.12,87.7,3913.0,60.2973,3321.9,1.5,3357.285941311775
1991-04-01,135.1,6.7,5.91,81.8,3907.1,60.4524,3332.4,3.2,3294.982228174704
1991-05-01,135.6,6.9,5.78,78.3,3933.2,61.0587,3343.0,2.8000000000000003,3360.5154535780634
1991-06-01,136.0,6.9,5.9,82.1,3940.5,61.5514,3351.9,2.4,3374.012318247233
1991-07-01,136.2,6.8,5.82,82.9,3966.0,61.7201,3356.1,2.0,3338.9985275564154
1991-08-01,136.6,6.9,5.66,82.0,3969.1,61.7289,3355.0,1.8,3363.70387986517
1991-09-01,137.0,6.9,5.45,83.0,3984.7,62.2369,3354.9,1.5999999999999999,3377.4925925784137
1991-10-01,137.2,7.0,5.21,78.3,3976.0,62.1718,3360.1,1.4,3352.0924090316616
1991-11-01,137.8,7.0,4.81,69.1,4003.6,62.0894,3365.5,2.5666666666666664,3349.85261848932
1991-12-01,138.2,7.3,4.43,68.2,4020.5,61.806,3372.2,3.7333333333333334,3413.383972479018
1992-01-01,138.3,7.3,4.03,67.5,4084.7,61.4823,3381.2,4.9,3383.8999117824765
1992-02-01,138.6,7.4,4.06,68.8,4099.5,61.9192,3400.0,4.733333333333333,3419.0918087810524
1992-03-01,139.1,7.4,3.98,76.0,4117.0,62.4403,3403.9,4.566666666666667,3433.4432794364707
1992-04-01,139.4,7.4,3.73,77.2,4131.5,62.9199,3399.7,4.4,3399.663423419541
1992-05-01,139.7,7.6,3.82,79.2,4158.4,63.1268,3398.6,4.266666666666667,3450.704336626779
1992-06-01,140.1,7.8,3.76,80.4,4177.1,63.1624,3393.4,4.133333333333334,3497.061239953679
1992-07-01,140.5,7.7,3.25,76.6,4204.8,63.7348,3393.9,4.0,3503.0561215687085
1992-08-01,140.8,7.6,3.3,76.1,4220.9,63.3802,3398.8,4.066666666666666,3470.5247588680404
1992-09-01,141.1,7.6,3.22,75.6,4255.3,63.5834,3410.3,4.133333333333334,3476.0921195632527
1992-10-01,141.7,7.3,3.1,73.3,4284.7,64.0178,3423.8,4.2,3498.2606009653155
1992-11-01,142.1,7.4,3.09,85.3,4300.5,64.2628,3426.5,3.033333333333333,3528.8631839705076
1992-12-01,142.3,7.4,2.92,91.0,4336.4,64.3599,3424.7,1.8666666666666667,3531.524215064177
1993-01-01,142.8,7.3,3.02,89.3,4340.7,64.6135,3419.1,0.7,3561.5149336048994
1993-02-01,143.1,7.1,3.03,86.6,4355.3,64.9262,3414.5,1.2333333333333334,3520.599158703922
1993-03-01,143.3,7.0,3.07,85.9,4352.5,64.8627,3411.7,1.7666666666666666,3494.160907691178
1993-04-01,143.8,7.1,2.96,85.6,4393.4,65.0423,3411.3,2.3,3557.373985158555
1993-05-01,144.2,7.1,3.0,80.3,4422.4,64.8006,3436.9,2.1666666666666665,3550.7741570871144
1993-06-01,144.3,7.0,3.04,81.5,4440.0,64.9476,3442.4,2.033333333333333,3529.6988577543298
1993-07-01,144.5,6.9,3.06,77.0,4468.9,65.1142,3442.0,1.9,3587.347944434383
1993-08-01,144.8,6.8,3.03,77.3,4481.1,65.0421,3445.7,3.133333333333333,3559.1797271952846
1993-09-01,145.0,6.7,3.09,77.9,4511.5,65.3749,3452.2,4.366666666666666,3542.078328370332
1993-10-01,145.6,6.8,2.99,82.7,4532.8,65.863,3456.7,5.6,3647.6348394538836
1993-11-01,146.0,6.6,3.02,81.2,4554.1,66.1696,3470.1,5.033333333333333,3601.5560864926956
1993-12-01,146.3,6.5,2.96,88.2,4571.1,66.5531,3474.5,4.466666666666667,3584.79607405342
1994-01-01,146.3,6.6,3.05,94.3,4585.1,66.7591,3474.9,3.9,3648.7876974565465
1994-02-01,146.7,6.6,3.25,93.2,4632.6,66.8019,3475.7,4.433333333333334,3649.9521776442184
1994-03-01,147.1,6.5,3.34,91.5,4646.0,67.4704,3480.1,4.966666666666667,3640.3761248992346
1994-04-01,147.2,6.4,3.56,92.6,4671.1,67.8707,3481.3,5.5,3745.5513965674954
1994-05-01,147.5,6.1,4.01,92.8,4669.5,68.187,3490.8,4.466666666666667,3664.7031109984446
1994-06-01,147.9,6.1,4.25,91.2,4708.9,68.645,3479.5,3.433333333333333,3677.1064924340594
1994-07-01,148.4,6.1,4.26,89.0,4720.6,68.7317,3488.2,2.4,3738.343998529633
1994-08-01,149.0,6.0,4.47,91.7,4762.6,69.1882,3485.7,3.1666666666666665,3719.6441671787734
1994-09-01,149.3,5.9,4.73,91.5,4775.0,69.3935,3486.1,3.9333333333333336,3694.1878342915925
1994-10-01,149.4,5.8,4.76,92.7,4812.9,69.9576,3484.3,4.7,3801.01355468633
1994-11-01,149.8,5.6,5.29,91.6,4825.6,70.4288,3487.2,3.6,3746.832838640847
1994-12-01,150.1,5.5,5.45,95.1,4841.6,71.1273,3486.4,2.5,3732.0856066728243
1995-01-01,150.5,5.6,5.53,97.6,4851.2,71.2635,3492.4,1.4,3819.965128371614
1995-02-01,150.9,5.4,5.92,95.1,4850.8,71.1758,3489.9,1.3333333333333333,3748.6184540605905
1995-03-01,151.2,5.4,5.98,90.3,4885.4,71.2796,3491.1,1.2666666666666666,3751.3674175677957
1995-04-01,151.8,5.8,6.05,92.5,4890.2,71.1538,3499.2,1.2,3820.935285180746
1995-05-01,152.1,5.6,6.01,89.8,4933.1,71.4997,3524.2,1.9666666666666666,3763.307984184345
1995-06-01,152.4,5.6,6.0,92.7,4977.5,71.7327,3548.9,2.7333333333333334,3769.477730634909
1995-07-01,152.6,5.7,5.85,94.4,4970.2,71.4334,3567.4,3.5,3808.9542625506137
1995-08-01,152.9,5.7,5.74,96.2,5005.3,72.3723,3589.0,3.2333333333333334,3833.7872479959615
1995-09-01,153.1,5.6,5.8,88.9,5020.5,72.6543,3602.1,2.966666666666667,3807.5684894534243
1995-10-01,153.5,5.5,5.76,90.2,5013.9,72.5336,3613.4,2.7,3814.2762318417663
1995-11-01,153.7,5.6,5.8,88.2,5055.6,72.717,3619.9,2.8000000000000003,3853.635829558883
1995-12-01,153.9,5.6,5.6,91.0,5097.5,72.9638,3629.5,2.9,3860.1549385993494
1996-01-01,154.7,5.6,5.56,89.3,5085.7,72.5712,3647.9,3.0,3877.2406002434577
1996-02-01,155.0,5.5,5.22,88.5,5132.8,73.6207,3661.8,4.266666666666667,3869.997510924396
1996-03-01,155.5,5.5,5.31,93.7,5173.3,73.5141,3686.9,5.533333333333333,3867.1798888321446
1996-04-01,156.1,5.6,5.22,92.7,5208.0,74.2491,3697.7,6.8,3957.021990052258
1996-05-01,156.4,5.6,5.24,89.4,5223.8,74.8142,3709.6,5.733333333333333,3971.8876597468125
1996-06-01,156.7,5.3,5.27,92.4,5229.8,75.3726,3722.5,4.666666666666666,3879.230350200928
1996-07-01,157.0,5.5,5.4,94.7,5251.9,75.3738,3737.1,3.6,4048.512509238563
1996-08-01,157.2,5.1,5.22,95.3,5275.0,75.7557,3744.0,3.8000000000000003,3907.70771349409
1996-09-01,157.7,5.2,5.3,94.7,5296.6,76.2302,3753.4,4.0,3957.842777267347
1996-10-01,158.2,5.2,5.24,96.5,5328.5,76.2157,3772.8,4.2,3946.3910557620775
1996-11-01,158.7,5.4,5.31,99.2,5351.2,76.8973,3795.1,3.666666666666667,4039.4260568842783
1996-12-01,159.1,5.4,5.29,96.9,5378.6,77.3772,3818.6,3.1333333333333337,4051.9578873536434
1997-01-01,159.4,5.3,5.25,97.4,5411.1,77.5135,3834.6,2.6,4044.282342220616
1997-02-01,159.7,5.2,5.19,99.7,5434.0,78.4255,3846.3,4.0,4029.221351707028
1997-03-01,159.8,5.2,5.39,100.0,5454.2,78.9197,3861.2,5.3999999999999995,4041.9683060723555
1997-04-01,159.9,5.1,5.51,101.4,5459.3,78.9848,3877.0,6.8,4135.96424169889
1997-05-01,159.9,4.9,5.5,103.2,5460.2,79.4296,3889.2,6.233333333333333,4065.3490895426053
1997-06-01,160.2,5.0,5.56,104.5,5494.2,79.7971,3906.0,5.666666666666666,4115.907668758505
1997-07-01,160.4,4.9,5.52,107.1,5548.8,80.4666,3923.9,5.1,4150.93053785059
1997-08-01,160.8,4.8,5.54,104.4,5587.0,81.2825,3957.4,4.566666666666666,4129.0908708243605
1997-09-01,161.2,4.9,5.54,106.0,5601.7,82.0327,3973.1,4.033333333333333,4190.988591325049
1997-10-01,161.5,4.7,5.5,105.6,5637.7,82.7656,3992.3,3.5,4193.385105775601
1997-11-01,161.7,4.6,5.52,107.2,5661.1,83.427,4014.8,3.6999999999999997,4165.104548578348
1997-12-01,161.8,4.7,5.5,102.1,5692.1,83.784,4032.9,3.9,4219.005345646053
1998-01-01,162.0,4.6,5.56,106.6,5689.9,84.1564,4056.2,4.1,4216.535972743276
1998-02-01,162.0,4.6,5.51,110.4,5723.8,84.3066,4088.9,3.9999999999999996,4220.30983411548
1998-03-01,162.0,4.7,5.49,106.5,5750.3,84.342,4114.3,3.9,4266.896193141244
1998-04-01,162.2,4.3,5.45,108.7,5788.1,84.6339,4140.2,3.8,4220.177843379721
1998-05-01,162.6,4.4,5.49,106.5,5837.9,85.1867,4164.4,4.233333333333333,4282.668068415052
1998-06-01,162.8,4.5,5.56,105.6,5871.7,84.6809,4184.1,4.666666666666666,4318.493088205228
1998-07-01,163.2,4.5,5.54,105.2,5890.0,84.3445,4203.8,5.1,4283.026947657537
1998-08-01,163.4,4.5,5.55,104.4,5925.0,86.0816,4228.7,5.6,4327.000896134382
1998-09-01,163.5,4.6,5.51,100.9,5965.6,86.0023,4267.7,6.1,4372.724156208081
1998-10-01,163.9,4.5,5.07,97.4,5998.8,86.591,4307.9,6.6,4428.669805287238
1998-11-01,164.1,4.4,4.83,102.7,6015.4,86.5115,4346.6,5.666666666666666,4377.059978243734
1998-12-01,164.4,4.4,4.68,100.5,6070.5,86.8615,4375.6,4.733333333333333,4385.940216469027
1999-01-01,164.7,4.3,4.63,103.9,6073.9,87.2205,4403.0,3.8,4428.422079415517
1999-02-01,164.7,4.4,4.76,108.1,6099.2,87.726,4425.8,3.6666666666666665,4492.8364278631
1999-03-01,164.8,4.2,4.81,105.7,6133.0,87.9125,4432.6,3.533333333333333,4394.338492721383
1999-04-01,165.9,4.3,4.74,104.6,6199.5,88.1082,4461.4,3.4,4484.444729765796
1999-05-01,166.0,4.2,4.74,106.8,6232.1,88.6483,4486.1,4.066666666666666,4445.661228854324
1999-06-01,166.0,4.3,4.76,107.3,6260.3,88.5903,4508.0,4.733333333333333,4496.64204137988
1999-07-01,166.7,4.3,4.99,106.0,6287.6,89.1098,4535.4,5.4,4567.146788631297
1999-08-01,167.1,4.2,5.07,104.5,6331.9,89.5007,4552.7,5.833333333333334,4523.516137363206
1999-09-01,167.8,4.2,5.22,107.2,6386.5,89.1304,4568.8,6.266666666666667,4514.108074005498
1999-10-01,168.1,4.1,5.2,103.2,6411.4,90.2709,4592.7,6.7,4613.929392917146
1999-11-01,168.4,4.1,5.42,107.2,6448.7,90.7528,4611.8,4.966666666666667,4626.156277704456
1999-12-01,168.8,4.0,5.3,105.4,6541.0,91.4784,4639.3,3.2333333333333334,4587.894329378398
2000-01-01,169.3,4.0,5.45,112.0,6542.9,91.4092,4667.6,1.5,4598.620327200745
2000-02-01,170.0,4.1,5.73,111.3,6625.3,91.7245,4680.9,3.5,4663.9177408942915
2000-03-01,171.0,4.0,5.85,107.1,6686.5,92.083,4711.7,5.5,4615.608931904965
2000-04-01,170.9,3.8,6.02,109.2,6679.1,92.6659,4767.8,7.5,4625.355227304781
2000-05-01,171.2,4.0,6.27,110.7,6709.7,92.9347,4755.7,5.133333333333333,4751.925546650249
2000-06-01,172.2,4.0,6.53,106.4,6746.9,93.0018,4773.6,2.7666666666666666,4753.62722604497
2000-07-01,172.7,4.0,6.54,108.3,6768.5,92.8373,4791.3,0.4,4715.958409476637
2000-08-01,172.7,4.1,6.5,107.3,6802.8,92.591,4819.5,1.0666666666666667,4768.640290127903
2000-09-01,173.6,3.9,6.52,106.8,6888.6,92.9827,4855.3,1.7333333333333334,4660.713300395459
2000-10-01,173.9,3.9,6.51,105.8,6893.8,92.64,4871.4,2.4,4745.594628657669
2000-11-01,174.2,3.9,6.51,107.6,6909.8,92.6604,4882.8,1.1666666666666665,4746.117393439886
2000-12-01,174.6,3.9,6.4,98.4,6952.2,92.3457,4927.7,-0.06666666666666687,4738.052977902445
2001-01-01,175.6,4.2,5.98,94.7,6987.4,91.8908,4978.4,-1.3,4721.488960819794
2001-02-01,176.0,4.2,5.49,90.6,7001.8,91.2851,5017.1,-0.03333333333333344,4705.82587153559
2001-03-01,176.1,4.3,5.31,91.5,6996.7,91.0585,5074.9,1.2333333333333332,4755.8051676446175
2001-04-01,176.4,4.4,4.8,88.4,7004.2,90.7384,5139.2,2.5,4769.836809958532
2001-05-01,177.3,4.3,4.21,92.0,7052.8,90.2607,5137.3,1.1333333333333335,4703.188576541746
2001-06-01,177.7,4.5,3.97,92.6,7069.7,89.7811,5180.3,-0.23333333333333295,4798.668613499722
2001-07-01,177.4,4.6,3.77,92.4,7082.3,89.2352,5210.2,-1.6,4629.466306159086
2001-08-01,177.4,4.9,3.65,91.5,7121.7,89.157,5243.9,-0.7000000000000001,4774.431944991331
2001-09-01,178.1,5.0,3.07,81.8,7007.0,88.6749,5355.3,0.19999999999999996,4810.617748849581
2001-10-01,177.6,5.3,2.49,82.7,7212.9,88.4051,5344.0,1.1,4674.450773333411
2001-11-01,177.5,5.5,2.09,83.9,7182.3,87.886,5387.7,1.8666666666666667,4746.830336544222
2001-12-01,177.4,5.7,1.82,88.8,7166.7,87.8518,5440.7,2.6333333333333333,4832.292890122368
2002-01-01,177.7,5.7,1.73,93.0,7184.6,88.4634,5461.1,3.4,4785.0082758038625
2002-02-01,178.0,5.7,1.74,90.7,7225.2,88.4578,5490.4,3.1,4784.857010455581
2002-03-01,178.5,5.7,1.73,95.7,7243.4,89.1265,5502.2,2.8,4802.919713740556
2002-04-01,179.3,5.9,1.75,93.0,7312.5,89.5507,5502.3,2.5,4834.382901969048
2002-05-01,179.5,5.8,1.75,96.9,7288.9,89.9348,5528.5,2.2,4803.3460835008955
2002-06-01,179.6,5.8,1.75,92.4,7322.5,90.6736,5553.5,1.9,4823.119014530056
2002-07-01,180.0,5.8,1.73,88.1,7387.3,90.6436,5596.2,1.6,4868.901384108341
2002-08-01,180.5,5.7,1.74,87.6,7412.6,90.5505,5638.4,1.2333333333333334,4824.2067217030335
2002-09-01,180.8,5.7,1.75,86.1,7391.5,90.6373,5662.5,0.8666666666666667,4826.524894188625
2002-10-01,181.2,5.7,1.75,80.6,7435.2,90.3988,5707.2,0.5,4772.677360861362
2002-11-01,181.5,5.9,1.34,84.2,7463.8,90.8947,5758.2,1.0333333333333332,4868.54483616745
2002-12-01,181.8,6.0,1.24,86.7,7519.9,90.3906,5779.5,1.5666666666666667,4896.357802971188
2003-01-01,182.6,5.8,1.24,82.4,7541.3,91.1369,5812.3,2.1,4843.904276634706
2003-02-01,183.6,5.9,1.26,79.9,7548.6,91.2505,5848.4,2.6,4888.45800518922
2003-03-01,183.9,5.9,1.25,77.6,7611.5,91.0006,5868.6,3.1,4881.778718176074
2003-04-01,183.2,6.0,1.26,86.0,7634.5,90.4311,5905.7,3.6,4860.583817120351
2003-05-01,182.9,6.1,1.26,92.1,7650.3,90.4,5965.5,4.666666666666667,4899.802964292039
2003-06-01,183.1,6.3,1.22,89.7,7699.6,90.5196,6002.4,5.733333333333333,4983.1802185876095
2003-07-01,183.7,6.2,1.01,90.9,7757.0,90.9869,6049.4,6.8,5021.572407849505
2003-08-01,184.5,6.1,1.03,89.3,7852.1,90.7933,6107.3,6.1,4975.530472180022
2003-09-01,185.1,6.1,1.01,87.7,7853.7,91.3819,6079.9,5.4,4991.679119970474
2003-10-01,184.9,6.0,1.01,89.6,7867.4,91.5049,6070.2,4.7,5114.637930191571
2003-11-01,185.0,5.8,1.0,93.7,7922.6,92.1265,6075.7,3.9,5045.080270471693
2003-12-01,185.5,5.7,0.98,92.6,7950.4,92.1732,6074.0,3.0999999999999996,5003.0417993367355
2004-01-01,186.3,5.7,1.0,103.8,8007.1,92.3268,6082.2,2.3,5075.7318698200015
2004-02-01,186.7,5.6,1.01,94.4,8040.4,92.8995,6121.9,2.5666666666666664,5046.865171108357
2004-03-01,187.1,5.8,1.0,95.8,8098.8,92.5368,6158.0,2.8333333333333335,5126.082959071641
2004-04-01,187.4,5.6,1.0,94.2,8107.2,92.8957,6199.1,3.1,5116.24871078912
2004-05-01,188.2,5.6,1.0,90.2,8176.5,93.5845,6275.9,3.3333333333333335,5135.194234984444
2004-06-01,188.9,5.6,1.03,95.6,8157.6,92.8651,6278.1,3.5666666666666664,5115.407054226436
2004-07-01,189.1,5.5,1.26,96.7,8236.9,93.5502,6291.3,3.8,5200.157191650824
2004-08-01,189.2,5.4,1.43,95.9,8271.6,93.6301,6317.9,3.9,5154.778575148717
2004-09-01,189.8,5.4,1.61,94.2,8341.5,93.7353,6352.3,3.9999999999999996,5157.68323320046
2004-10-01,190.8,5.5,1.76,91.7,8397.1,94.5695,6379.9,4.1,5244.6363016315145
2004-11-01,191.7,5.4,1.93,92.8,8444.5,94.8015,6406.5,4.233333333333333,5202.946399528646
2004-12-01,191.7,5.4,2.16,97.1,8504.4,95.5415,6424.7,4.366666666666666,5223.297298839839
2005-01-01,191.6,5.3,2.28,95.5,8497.7,95.8785,6431.0,4.5,5270.16360967376
2005-02-01,192.4,5.4,2.5,94.1,8559.1,96.5709,6439.1,3.6666666666666665,5338.978200195268
2005-03-01,193.1,5.2,2.63,92.6,8598.4,96.4345,6448.4,2.833333333333333,5235.585190130973
2005-04-01,193.7,5.2,2.79,87.7,8678.4,96.6347,6462.0,2.0,5354.111683845466
2005-05-01,193.6,5.1,3.0,86.9,8671.6,96.7251,6479.2,2.4,5304.553865691869
2005-06-01,193.7,5.0,3.04,96.0,8753.4,97.1483,6511.8,2.8000000000000003,5264.116450462665
2005-07-01,194.9,5.0,3.26,96.5,8853.8,96.8397,6543.7,3.2,5378.653412177917
2005-08-01,196.1,4.9,3.5,89.1,8850.1,97.1584,6576.5,2.8666666666666667,5333.6424366749525
2005-09-01,198.8,5.0,3.62,76.9,8900.4,95.2764,6610.3,2.5333333333333337,5335.291151147131
2005-10-01,199.1,5.0,3.78,74.2,8938.5,96.4411,6644.1,2.2,5373.083659526276
2005-11-01,198.1,5.0,4.0,81.6,8946.2,97.5016,6660.8,3.3,5402.395285182716
2005-12-01,198.1,4.9,4.16,91.5,8981.1,97.9723,6688.0,4.4,5361.255055291008
2006-01-01,199.3,4.7,4.29,91.2,9071.6,98.127,6730.3,5.5,5429.253415174106
2006-02-01,199.4,4.8,4.49,86.7,9096.0,98.1687,6754.9,4.0,5487.994424711393
2006-03-01,199.7,4.7,4.59,88.9,9132.9,98.3913,6769.5,2.5,5436.587160114501
2006-04-01,200.7,4.7,4.79,87.4,9191.6,98.6826,6807.0,1.0,5501.181437391166
2006-05-01,201.3,4.6,4.94,79.1,9231.8,98.7074,6813.9,0.8666666666666667,5442.888346843039
2006-06-01,201.8,4.6,4.99,84.9,9259.6,99.0398,6852.1,0.7333333333333334,5452.081215765798
2006-07-01,202.9,4.7,5.24,84.7,9343.8,98.9751,6893.9,0.6,5506.712553583719
2006-08-01,203.8,4.7,5.25,82.0,9342.2,99.4047,6925.3,1.5666666666666667,5518.564443281587
2006-09-01,202.8,4.5,5.25,85.4,9375.4,99.2246,6952.6,2.533333333333333,5395.461003134696
2006-10-01,201.9,4.4,5.25,93.6,9393.6,99.1229,7002.0,3.5,5490.957634313855
2006-11-01,202.0,4.5,5.25,92.1,9400.2,99.0963,7037.5,2.7333333333333334,5552.481939766168
2006-12-01,203.1,4.4,5.24,91.7,9488.3,100.1125,7080.4,1.9666666666666668,5518.426425919978
2007-01-01,203.437,4.6,5.25,96.9,9538.7,99.7546,7118.5,1.2,5579.4384575144695
2007-02-01,204.226,4.5,5.26,91.3,9566.0,100.7166,7134.6,1.6333333333333333,5544.426996715625
2007-03-01,205.288,4.4,5.26,88.4,9611.7,100.8952,7168.5,2.0666666666666664,5487.824545769904
2007-04-01,205.904,4.5,5.25,87.1,9643.6,101.5723,7241.0,2.5,5569.8528517164
2007-05-01,206.755,4.4,5.25,88.3,9685.8,101.6269,7254.9,2.433333333333333,5509.448384292514
2007-06-01,207.234,4.6,5.25,85.3,9706.8,101.6547,7288.1,2.3666666666666667,5634.0127639910825
2007-07-01,207.603,4.7,5.26,90.4,9751.1,101.4953,7319.0,2.3,5617.271187672929
2007-08-01,207.667,4.6,5.02,83.4,9798.9,101.6943,7395.1,2.3666666666666667,5562.718352218798
2007-09-01,208.547,4.7,4.94,83.4,9845.1,101.9428,7413.3,2.433333333333333,5629.597460108273
2007-10-01,209.19,4.7,4.76,80.9,9882.7,101.6446,7428.4,2.5,5568.577075543303
2007-11-01,210.834,4.7,4.49,76.1,9955.9,102.2167,7453.8,1.0999999999999999,5584.382350050657
2007-12-01,211.445,5.0,4.24,75.5,9972.8,102.2764,7484.2,-0.30000000000000027,5762.231574406039
2008-01-01,212.174,5.0,3.94,78.4,9996.4,102.1493,7517.8,-1.7,5624.190535500369
2008-02-01,212.687,4.9,2.98,70.8,9981.7,101.7756,7604.2,-0.3333333333333335,5557.741476582758
2008-03-01,213.448,5.1,2.61,69.5,10035.3,101.4508,7670.3,1.033333333333333,5661.070987916874
2008-04-01,213.942,5.0,2.28,62.6,10070.3,100.7554,7712.8,2.4,5485.396010206561
2008-05-01,215.208,5.4,1.98,59.8,10132.3,100.1336,7725.5,0.8999999999999999,5679.672725423213
2008-06-01,217.463,5.6,2.0,56.4,10187.1,99.8728,7744.2,-0.6000000000000001,5778.222264370226
2008-07-01,219.016,5.8,2.01,61.2,10185.1,99.4194,7791.5,-2.1,5596.2489894009495
2008-08-01,218.69,6.1,2.0,63.0,10175.7,97.8491,7806.1,-4.233333333333333,5691.199514726034
2008-09-01,218.877,6.1,1.81,70.3,10116.4,93.5576,7872.7,-6.366666666666667,5566.846495873015
2008-10-01,216.995,6.5,0.97,57.6,10034.1,94.4985,7975.3,-8.5,5398.823064929855
2008-11-01,213.153,6.8,0.39,55.3,9885.2,93.2617,8027.3,-7.166666666666667,5482.241964398759
2008-12-01,211.398,7.3,0.16,60.1,9801.5,90.6266,8205.0,-5.833333333333334,5604.284970671384
2009-01-01,211.933,7.8,0.15,61.2,9847.2,88.3712,8289.4,-4.5,5304.543669853544
2009-02-01,212.705,8.3,0.22,56.3,9824.5,87.843,8319.6,-3.2333333333333334,5452.454491780399
2009-03-01,212.495,8.7,0.18,57.3,9773.2,86.4689,8386.7,-1.9666666666666668,5541.263838366057
2009-04-01,212.709,9.0,0.15,65.1,9772.5,85.7903,8391.4,-0.7,5356.4134764266955
2009-05-01,213.022,9.4,0.18,68.7,9791.6,84.9436,8449.5,-1.1102230246251565e-16,5446.071400748417
2009-06-01,214.79,9.5,0.21,70.8,9852.4,84.6746,8459.5,0.6999999999999997,5466.660122824888
2009-07-01,214.726,9.5,0.16,66.0,9886.3,85.6853,8463.8,1.4,5376.658669190574
2009-08-01,215.445,9.6,0.16,65.7,10004.1,86.6393,8463.3,2.4000000000000004,5434.891103209097
2009-09-01,215.861,9.8,0.15,73.5,9927.8,87.3821,8461.8,3.4000000000000004,5514.731227600329
2009-10-01,216.509,10.0,0.12,70.6,9976.7,87.5809,8488.1,4.4,5508.768129997058
2009-11-01,217.234,9.9,0.12,67.4,9985.7,87.9388,8517.3,3.566666666666667,5492.275361526182
2009-12-01,217.347,9.9,0.12,72.5,10052.6,88.2404,8512.5,2.7333333333333334,5501.710508476763
2010-01-01,217.488,9.8,0.11,74.4,10056.1,89.1897,8478.0,1.9,5505.239211382535
2010-02-01,217.281,9.8,0.13,73.6,10093.4,89.5046,8527.6,2.5666666666666664,5514.951478096542
2010-03-01,217.353,9.9,0.16,73.6,10156.0,90.1356,8523.7,3.2333333333333334,5562.519310520922
2010-04-01,217.403,9.9,0.2,72.2,10182.3,90.4607,8555.1,3.9,5630.979129128772
2010-05-01,217.29,9.6,0.2,73.6,10210.8,91.7014,8609.3,3.6333333333333333,5581.975232667902
2010-06-01,217.199,9.4,0.18,76.0,10231.3,91.9033,8628.4,3.3666666666666667,5530.207638203328
2010-07-01,217.605,9.4,0.18,67.8,10268.1,92.2549,8639.8,3.1,5594.796341792699
2010-08-01,217.923,9.5,0.19,68.9,10307.1,92.5936,8688.2,2.7666666666666666,5634.790195435268
2010-09-01,218.275,9.5,0.19,68.2,10327.1,92.8533,8718.9,2.4333333333333336,5642.679462772031
2010-10-01,219.035,9.4,0.19,67.7,10386.4,92.6033,8768.7,2.1,5613.185196559307
2010-11-01,219.59,9.8,0.19,71.6,10433.6,92.6686,8789.3,1.1,5734.19462176245
2010-12-01,220.472,9.3,0.18,74.5,10471.0,93.5916,8822.9,0.10000000000000009,5613.484181678246
2011-01-01,221.187,9.1,0.17,74.2,10514.3,93.3889,8845.2,-0.9,5659.060778839347
2011-02-01,221.898,9.0,0.16,77.5,10540.6,93.0045,8909.0,0.29999999999999993,5616.242083979341
2011-03-01,223.046,9.0,0.14,67.5,10619.7,93.9684,8967.0,1.5,5645.329137181311
2011-04-01,224.093,9.1,0.1,69.8,10652.1,93.6571,9030.4,2.7,5683.691534331818
2011-05-01,224.806,9.0,0.09,74.3,10672.2,93.7723,9102.7,1.7666666666666666,5655.862943259825
2011-06-01,224.806,9.1,0.09,71.5,10694.8,94.0493,9176.7,0.8333333333333333,5695.559522408358
2011-07-01,225.395,9.0,0.07,63.7,10731.6,94.4958,9338.7,-0.1,5665.832607133805
2011-08-01,226.106,9.0,0.1,55.8,10750.3,95.0974,9525.1,1.4666666666666663,5683.832263340589
2011-09-01,226.597,9.0,0.08,59.5,10783.2,95.0244,9545.3,3.0333333333333328,5681.648129525604
2011-10-01,226.75,8.8,0.07,60.8,10802.9,95.6891,9578.1,4.6,5791.4781507225825
2011-11-01,227.169,8.6,0.08,63.7,10806.8,95.6778,9629.8,4.199999999999999,5724.643286330274
2011-12-01,227.223,8.5,0.07,69.9,10817.8,96.1809,9677.4,3.8,5706.461562947141
2012-01-01,227.842,8.3,0.08,75.0,10896.8,96.7595,9750.5,3.4,5799.597197010299
2012-02-01,228.329,8.3,0.1,75.3,10987.2,97.0662,9802.2,2.8666666666666667,5808.768525795786
2012-03-01,228.807,8.2,0.13,76.2,10993.9,96.5609,9846.2,2.333333333333333,5758.644277193914
2012-04-01,229.187,8.2,0.14,76.4,11018.5,97.251,9899.8,1.8,5810.520148010939
2012-05-01,228.713,8.2,0.16,79.3,11006.8,97.4595,9943.0,1.4,5816.744209533292
2012-06-01,228.524,8.2,0.16,73.2,10989.8,97.4768,10013.0,0.9999999999999999,5817.26064245577
2012-07-01,228.59,8.2,0.16,72.3,11016.8,97.6714,10065.7,0.6,5892.071299869492
2012-08-01,229.918,8.1,0.13,74.3,11056.0,97.2734,10136.4,0.5666666666666667,5843.928311421151
2012-09-01,231.015,7.8,0.14,78.3,11105.3,97.2217,10216.6,0.5333333333333333,5733.6503887093595
2012-10-01,231.638,7.8,0.16,82.6,11137.4,97.5311,10282.8,0.5,5819.679730288119
2012-11-01,231.249,7.7,0.16,82.7,11178.4,97.9084,10351.8,1.6666666666666667,5793.545128600235
2012-12-01,231.221,7.9,0.16,72.9,11181.2,98.1884,10474.4,2.8333333333333335,5876.627141111646
2013-01-01,231.679,8.0,0.14,73.8,11252.4,98.1736,10497.6,4.0,5975.610387773694
2013-02-01,232.937,7.7,0.15,77.6,11290.5,98.6434,10516.6,3.033333333333333,5875.436825531209
2013-03-01,232.282,7.5,0.14,78.6,11290.1,99.047,10572.9,2.0666666666666664,5811.352786695099
2013-04-01,231.797,7.6,0.15,76.4,11281.1,98.9445,10600.4,1.1,5925.655664529424
2013-05-01,231.893,7.5,0.11,84.5,11321.6,99.0383,10634.7,1.9,5889.269626126787
2013-06-01,232.445,7.5,0.09,84.1,11344.4,99.2221,10692.3,2.7,5894.745709343786
2013-07-01,232.9,7.3,0.09,85.1,11372.6,98.8987,10731.5,3.5,5963.82795338832
2013-08-01,233.456,7.2,0.08,82.1,11406.6,99.4897,10789.6,3.5,5940.361158887193
2013-09-01,233.544,7.2,0.08,77.5,11445.9,100.021,10850.0,3.5,5956.260887724488
2013-10-01,233.669,7.2,0.09,73.2,11498.0,99.9037,10974.2,3.5,6113.626478767192
2013-11-01,234.1,6.9,0.08,75.1,11562.5,100.1582,10982.9,1.8666666666666665,5991.333103270635
2013-12-01,234.719,6.7,0.09,82.5,11593.2,100.374,11047.8,0.23333333333333295,5911.187417962175
2014-01-01,235.288,6.6,0.07,81.2,11578.8,99.9899,11117.6,-1.4,5929.896283545401
2014-02-01,235.547,6.7,0.07,81.6,11636.9,100.7471,11183.2,0.833333333333333,5997.253326851226
2014-03-01,236.028,6.7,0.08,80.0,11722.3,101.7435,11219.1,3.066666666666666,6026.82438960337
2014-04-01,236.468,6.2,0.09,84.1,11762.3,101.8273,11264.0,5.3,6050.484682506212
2014-05-01,236.918,6.3,0.09,81.9,11807.3,102.2392,11328.5,5.2,6111.585669746582
2014-06-01,237.231,6.1,0.1,82.5,11861.7,102.5774,11383.7,5.1,6023.840647747205
2014-07-01,237.498,6.2,0.09,81.8,11904.4,102.7954,11438.4,5.0,6203.23982258898
2014-08-01,237.46,6.1,0.09,82.5,11983.7,102.6322,11462.5,4.0,6147.800499469498
2014-09-01,237.477,5.9,0.09,84.6,11991.4,102.9417,11503.7,3.0,6055.90067794152
2014-10-01,237.43,5.7,0.09,86.9,12064.7,102.9611,11577.5,2.0,6153.846572556209
2014-11-01,236.983,5.8,0.09,88.8,12083.9,103.5978,11618.2,2.533333333333333,6226.927911136144
2014-12-01,236.252,5.6,0.12,93.6,12096.1,103.6151,11701.9,3.0666666666666664,6119.256516307646
2015-01-01,234.747,5.7,0.11,98.1,12066.7,102.7923,11774.2,3.6,6332.763935148276
2015-02-01,235.342,5.5,0.11,95.4,12116.6,102.1366,11880.4,3.2333333333333334,6200.361569708699
2015-03-01,235.976,5.4,0.11,93.0,12176.1,101.7869,11892.9,2.8666666666666667,6133.495495143024
2015-04-01,236.222,5.4,0.12,95.9,12209.1,101.2255,11932.5,2.5,6254.218554923149
2015-05-01,237.001,5.6,0.12,90.7,12275.4,100.7675,11963.8,2.2,6355.226150019188
2015-06-01,237.657,5.3,0.13,96.1,12307.9,100.4588,12011.1,1.9,6172.798295057662
2015-07-01,238.034,5.2,0.13,93.1,12364.9,101.0893,12061.1,1.6,6353.964750569772
2015-08-01,238.033,5.1,0.14,91.9,12396.2,100.9165,12110.8,1.3,6286.955619156896
2015-09-01,237.498,5.0,0.14,87.2,12386.4,100.633,12170.3,1.0,6216.497630273332
2015-10-01,237.733,5.0,0.12,90.0,12394.9,100.1563,12211.2,0.7,6296.893781341466
2015-11-01,238.017,5.1,0.12,91.3,12423.2,99.4366,12301.0,1.2333333333333334,6336.678729899634
2015-12-01,237.761,5.0,0.24,92.6,12452.0,98.9471,12361.5,1.7666666666666666,6258.633488758898
2016-01-01,237.652,4.8,0.34,92.0,12478.0,99.4391,12490.8,2.3,6288.398606960978
2016-02-01,237.336,4.9,0.38,91.7,12554.5,98.9232,12557.6,1.9666666666666666,6336.500494069431
2016-03-01,238.08,5.0,0.36,91.0,12537.0,98.1635,12620.2,1.6333333333333333,6376.79089896959
2016-04-01,238.992,5.1,0.37,89.0,12611.5,98.4775,12703.7,1.3,6461.233762878844
2016-05-01,239.557,4.8,0.37,94.7,12652.7,98.2549,12775.9,1.8333333333333335,6260.849789362061
2016-06-01,240.222,4.9,0.38,93.5,12731.2,98.7315,12841.1,2.3666666666666667,6340.625447759094
2016-07-01,240.101,4.8,0.39,90.0,12756.7,98.8452,12902.2,2.9,6337.172785759577
2016-08-01,240.545,4.9,0.4,89.8,12788.1,98.7427,12988.9,2.6666666666666665,6399.150654977618
2016-09-01,241.176,5.0,0.4,91.2,12846.6,98.6552,13047.9,2.4333333333333336,6461.614559262803
2016-10-01,241.741,4.9,0.4,87.2,12867.0,98.7237,13112.8,2.2,6525.460077838101
2016-11-01,242.026,4.7,0.41,93.8,12893.0,98.3443,13182.4,2.1333333333333333,6378.097404928239
2016-12-01,242.637,4.7,0.54,98.2,13005.9,99.0406,13215.3,2.066666666666667,6400.794517233658
2017-01-01,243.618,4.7,0.65,98.5,13063.7,98.8158,13286.4,2.0,6562.111957924187
2017-02-01,244.006,4.6,0.66,96.3,13088.4,98.4356,13351.2,2.1,6478.869532043565
2017-03-01,243.892,4.4,0.79,96.9,13139.9,99.0492,13420.1,2.1999999999999997,6357.3615100322495
2017-04-01,244.193,4.4,0.9,97.0,13169.2,100.0416,13481.0,2.3,6523.003669295641
2017-05-01,244.004,4.4,0.91,97.1,13171.9,100.128,13539.7,2.6,6525.807934482495
2017-06-01,244.163,4.3,1.04,95.0,13225.2,100.337,13564.1,2.9,6458.137396221865
2017-07-01,244.243,4.3,1.15,93.4,13263.3,100.0865,13628.9,3.2,6537.0541613255455
2017-08-01,245.183,4.4,1.16,96.8,13294.6,99.6323,13688.0,3.6666666666666665,6597.7628026845905
2017-09-01,246.435,4.3,1.15,95.1,13417.3,99.7482,13733.8,4.133333333333333,6525.949035989865
2017-10-01,246.626,4.2,1.15,100.7,13447.5,100.9893,13788.5,4.6,6645.692676856108
2017-11-01,247.284,4.2,1.16,98.5,13540.6,101.2493,13814.7,4.166666666666666,6654.202677030607
2017-12-01,247.805,4.1,1.3,95.9,13666.1,101.4871,13860.3,3.733333333333333,6582.456646113283
2018-01-01,248.859,4.0,1.41,95.7,13703.3,101.4852,13869.2,3.3,6643.295257683509
2018-02-01,249.529,4.1,1.42,99.7,13738.7,101.7319,13907.3,2.9,6734.217453089465
2018-03-01,249.577,4.0,1.51,101.4,13793.2,102.1943,13966.4,2.5,6666.564289227025
2018-04-01,250.227,4.0,1.69,98.8,13838.4,103.3551,13989.3,2.1,6785.743710304885
2018-05-01,250.792,3.8,1.7,98.0,13905.0,102.381,14055.7,2.2333333333333334,6583.211573117281
2018-06-01,251.018,4.0,1.82,98.2,13930.4,103.2256,14117.5,2.3666666666666667,6781.52071657783
2018-07-01,251.214,3.8,1.91,97.9,13974.8,103.3561,14157.0,2.5,6772.893112626734
2018-08-01,251.663,3.8,1.91,96.2,14014.0,104.0585,14206.0,1.8666666666666667,6795.752068260814
2018-09-01,252.182,3.7,1.95,100.1,14017.8,104.1038,14238.2,1.2333333333333334,6707.5088191124505
2018-10-01,252.772,3.8,2.19,98.6,14083.1,103.9297,14248.1,0.6,6736.713007953913
2018-11-01,252.594,3.8,2.2,97.5,14162.9,104.0126,14258.7,1.2333333333333334,6739.410671472697
2018-12-01,252.767,3.9,2.27,98.3,14051.6,104.0451,14369.9,1.8666666666666667,6828.75032057339
2019-01-01,252.561,4.0,2.4,91.2,14084.6,103.3598,14432.7,2.5,6939.633319760559
2019-02-01,253.319,3.8,2.4,93.8,14117.4,102.8251,14470.5,2.8,6745.822017483881
2019-03-01,254.277,3.8,2.41,98.4,14248.6,102.8361,14513.9,3.1,6746.185662755562
2019-04-01,255.233,3.7,2.42,97.2,14290.0,102.2748,14548.1,3.4,6925.84107725227
2019-05-01,255.296,3.6,2.39,100.0,14353.3,102.4176,14660.8,3.8666666666666667,6836.123104078113
2019-06-01,255.213,3.6,2.38,98.2,14408.7,102.5425,14782.9,4.333333333333333,6840.31081866962
2019-07-01,255.802,3.7,2.4,98.4,14496.0,102.0057,14865.4,4.8,7030.3627493408485
2019-08-01,256.036,3.6,2.13,89.8,14558.2,102.7814,14947.6,4.133333333333333,6960.177218122085
2019-09-01,256.43,3.5,2.04,93.2,14590.6,102.4601,15039.5,3.466666666666667,6852.782032537065
2019-10-01,257.155,3.6,1.83,95.5,14617.4,101.5878,15174.6,2.8,6984.669629155785
2019-11-01,257.879,3.6,1.55,96.8,14711.0,102.1494,15273.3,0.03333333333333277,7003.947067302235
2019-12-01,258.63,3.6,1.55,99.3,14774.8,101.9421,15334.3,-2.7333333333333343,6996.83130354198
2020-01-01,258.906,3.6,1.55,99.8,14844.3,101.3372,15401.3,-5.5,6726.782855182875
2020-02-01,259.246,3.5,1.58,101.0,14833.8,101.6718,15453.8,-13.033333333333335,6648.328575783644
2020-03-01,258.15,4.4,0.65,89.1,13810.5,97.606,15980.6,-20.56666666666667,7318.126569033481
2020-04-01,256.126,14.8,0.05,71.8,12234.4,84.6812,16999.0,-28.1,6691.220086955432
2020-05-01,255.848,13.2,0.05,72.3,13251.7,86.0108,17868.4,-7.0,6348.601923879676
2020-06-01,257.004,11.0,0.08,78.1,14040.8,91.6745,18161.5,14.100000000000001,6016.794989164893
2020-07-01,258.408,10.2,0.09,72.5,14303.8,95.0037,18311.4,35.2,7372.799307851416
2020-08-01,259.366,8.4,0.1,74.1,14454.9,95.9294,18382.2,24.933333333333337,6705.43195447136
2020-09-01,259.951,7.8,0.09,80.4,14675.4,95.8914,18606.8,14.666666666666668,6470.561737677225
2020-10-01,260.249,6.8,0.09,81.8,14726.0,96.5256,18758.1,4.4,6933.182567304643
2020-11-01,260.895,6.7,0.09,76.9,14704.9,96.9529,18972.9,4.8,6896.982230241385
2020-12-01,262.005,6.7,0.09,80.7,14827.3,98.2039,19109.9,5.2,6941.526202453971
2021-01-01,262.518,6.4,0.09,79.0,15081.5,98.8135,19334.6,5.6,7160.419692532045
2021-02-01,263.583,6.2,0.08,76.8,14984.4,95.5072,19570.8,5.866666666666666,6928.795935239394
2021-03-01,264.91,6.1,0.07,84.9,15712.4,98.1929,19809.6,6.133333333333334,6969.163372228562
2021-04-01,266.752,6.1,0.07,88.3,15915.0,98.3317,20135.3,6.4,7203.753446995176
2021-05-01,268.452,5.8,0.06,82.9,15950.5,99.1867,20439.5,5.433333333333334,7054.278956472765
2021-06-01,270.664,5.9,0.08,85.5,16183.6,99.6483,20482.4,4.466666666666667,7130.97259653206
2021-07-01,271.994,5.4,0.1,81.2,16223.5,100.0668,20633.4,3.5,7440.18719050863
2021-08-01,272.789,5.1,0.09,70.3,16390.6,100.0412,20844.4,4.8,7226.3881860998445
2021-09-01,273.887,4.7,0.08,72.8,16477.5,98.9955,20973.8,6.1,6904.845623391526
2021-10-01,276.434,4.5,0.08,71.7,16694.0,100.3542,21153.7,7.4,7591.724756245896
2021-11-01,278.799,4.1,0.08,67.4,16849.0,101.2684,21327.6,4.6,7273.5075461396755
2021-12-01,280.808,3.9,0.08,70.6,16905.5,101.1948,21507.8,1.7999999999999998,7095.1556976144275
2022-01-01,282.39,4.0,0.08,67.2,17017.8,101.2146,21566.1,-1.0,7468.4689090858665
2022-02-01,284.535,3.8,0.08,62.8,17136.1,101.8458,21621.0,-0.5666666666666667,7298.94058822779
2022-03-01,287.553,3.6,0.2,59.4,17371.4,102.6732,21722.8,-0.1333333333333333,7136.4405026863415
2022-04-01,288.764,3.7,0.33,65.2,17493.8,102.9024,21723.2,0.3,7373.633862713396
2022-05-01,291.359,3.6,0.77,58.4,17569.9,102.9659,21696.6,1.1,7275.341447262906
2022-06-01,294.996,3.6,1.21,50.0,17747.6,102.8224,21652.4,1.9000000000000004,7270.246690023701
2022-07-01,294.977,3.5,1.68,51.5,17744.0,103.0505,21644.5,2.7,7313.751921690696
2022-08-01,295.209,3.6,2.33,58.2,17897.5,103.1703,21626.7,2.9333333333333336,7422.1077921402875
2022-09-01,296.341,3.5,2.56,58.6,17987.2,103.5326,21507.7,3.1666666666666665,7330.924286169019
2022-10-01,297.863,3.6,3.08,59.9,18096.2,103.4442,21433.4,3.4,7474.663803826155
2022-11-01,298.648,3.6,3.78,56.7,18094.0,103.1058,21367.1,3.1999999999999997,7462.455975920925
2022-12-01,298.812,3.5,4.1,59.8,18134.6,101.8266,21273.2,3.0,7312.33922025292
2023-01-01,300.356,3.4,4.33,64.9,18475.2,102.7476,21188.1,2.8,7359.682848409899
2023-02-01,301.509,3.6,4.57,66.9,18532.1,102.8003,21117.6,2.6666666666666665,7574.963302244267
2023-03-01,301.744,3.5,4.65,62.0,18511.3,102.8143,20870.5,2.533333333333333,7468.788849345834
2023-04-01,303.032,3.4,4.83,63.7,18638.7,103.2241,20711.9,2.4,7350.823982333416
2023-05-01,303.365,3.7,5.06,59.0,18676.4,102.9809,20804.6,3.066666666666667,7657.915348126818
2023-06-01,304.003,3.6,5.08,64.2,18742.1,102.3809,20788.4,3.7333333333333334,7530.678669539768
2023-07-01,304.628,3.5,5.12,71.5,18850.5,103.0722,20762.6,4.4,7385.235595483411
2023-08-01,306.187,3.8,5.33,69.4,18911.6,103.0951,20735.1,4.0,7693.9288925343235
2023-09-01,307.288,3.8,5.33,67.8,19024.9,103.3081,20681.4,3.6,7701.768511982266
2023-10-01,307.531,3.8,5.33,63.8,19069.5,102.5781,20662.5,3.2,7717.37836796565
2023-11-01,308.024,3.7,5.33,61.3,19151.0,102.8868,20675.8,2.666666666666667,7626.378503161888
2023-12-01,308.742,3.7,5.33,69.7,19289.9,102.6309,20725.5,2.1333333333333337,7616.843128872462
2024-01-01,309.685,3.7,5.33,79.0,19308.5,101.483,20726.0,1.6,7554.8511199568275
2024-02-01,311.054,3.9,5.33,76.9,19412.7,102.7267,20762.0,2.066666666666667,7803.8131326333305
2024-03-01,312.23,3.8,5.33,79.4,19553.2,102.5186,20863.0,2.533333333333333,7694.88074740984
2024-04-01,313.207,3.9,5.33,77.2,19603.3,102.3568,20881.2,3.0,7625.184558255403
2024-05-01,313.225,4.0,5.33,69.1,19697.3,102.9797,20959.5,2.933333333333333,7745.388207871792
2024-06-01,313.049,4.1,5.33,68.2,19747.5,103.2768,21020.1,2.8666666666666667,7853.333233872802
2024-07-01,313.534,4.3,5.33,66.4,19859.3,102.5381,21039.4,2.8,7881.82455381367
2024-08-01,314.121,4.2,5.33,67.9,19898.0,103.0449,21141.3,2.8,7808.252674580465
2024-09-01,314.686,4.1,5.13,70.1,20027.2,102.5497,21222.7,2.8,7696.655771605866
2024-11-01,316.441,4.2,4.64,70.5,,,,2.8,
